"","Estimate","Est.Error","l-95% CI","u-95% CI","Rhat","Bulk_ESS","Tail_ESS"
"Intercept",0.880414646664881,0.1536353448738,0.584015725169504,1.19027469149319,1.00028355142373,3059.09921700715,4382.38775781891
"conditionlowhigh",-0.268467568888196,0.153879001270239,-0.57315041873129,0.0336566893543452,1.00059899839416,6530.45036403094,7628.45507265781
