"","Estimate","Est.Error","l-95% CI","u-95% CI","Rhat","Bulk_ESS","Tail_ESS"
"Intercept",5.32208742576943,0.676739382291749,4.14816022876537,6.80305649998261,0.999944533483895,3840.24426160031,5524.71772957514
"conditionlow",-5.05509479567204,0.745922959762074,-6.66415371406056,-3.7169280680637,1.00004181316327,4226.50892561759,5439.65741978786
